Type,SKU,Name,Published,Is featured?,Visibility in catalog,Short description,Description,Tax status,In stock?,Stock,Regular price,Categories,Images,Parent,Position,Attribute 1 name,Attribute 1 value(s),Attribute 1 visible,Attribute 1 global,Attribute 2 name,Attribute 2 value(s),Attribute 2 visible,Attribute 2 global,"NOTE: Images is REQUIRED for every parent product row (Type=variable or simple). Put the image filename(s) already uploaded to the Media Library here, comma-separated, e.g. body-wave-01.webp,body-wave-02.webp. A blank Images cell imports the product with NO photo and the storefront then shows a grey placeholder. Variation rows may stay blank; they inherit the parent image (or give a variation its own filename for a per-variation photo). This helper column is not a WooCommerce field: choose Do not import for it (or delete the column) when running the importer."
variable,NURA-BODY,Body Wave HD Lace Wig,1,0,visible,Luxury body wave on an HD lace base.,Hand-finished body wave unit with a melt-into-skin HD hairline. 100% human hair.,taxable,1,,,"Lace Front HD, Ready to Wear",body-wave-hd-wig-01.webp,,0,Length,"12"" | 14"" | 16""",1,1,Lace Type,HD Lace | Lace Frontal,1,1,
variation,NURA-BODY-12-HD,,1,0,visible,,,taxable,1,,8500,,,NURA-BODY,0,Length,"12""",,,Lace Type,HD Lace,,,
variation,NURA-BODY-14-HD,,1,0,visible,,,taxable,1,,9500,,,NURA-BODY,1,Length,"14""",,,Lace Type,HD Lace,,,
variation,NURA-BODY-14-FR,,1,0,visible,,,taxable,1,,10000,,,NURA-BODY,2,Length,"14""",,,Lace Type,Lace Frontal,,,
variation,NURA-BODY-16-FR,,1,0,visible,,,taxable,1,,11500,,,NURA-BODY,3,Length,"16""",,,Lace Type,Lace Frontal,,,
variable,NURA-STRAIGHT,Silky Straight Lace Frontal Wig,1,0,visible,Sleek silky straight lace frontal unit.,Bone-straight human hair on a transparent lace frontal.,taxable,1,,,Lace Front HD,silky-straight-lace-wig-01.webp,,0,Length,"16"" | 18"" | 20""",1,1,Density,150% | 180% | 200%,1,1,
variation,NURA-STR-16-150,,1,0,visible,,,taxable,1,,9000,,,NURA-STRAIGHT,0,Length,"16""",,,Density,150%,,,
variation,NURA-STR-18-180,,1,0,visible,,,taxable,1,,11000,,,NURA-STRAIGHT,1,Length,"18""",,,Density,180%,,,
variation,NURA-STR-20-200,,1,0,visible,,,taxable,1,,13500,,,NURA-STRAIGHT,2,Length,"20""",,,Density,200%,,,
